[
    {
      "title": "HTML",
      "imageSrc": "skills/html.png"
    },
    {
      "title": "CSS",
      "imageSrc": "skills/css.png"
    },
    {
      "title": "React",
      "imageSrc": "skills/react.png"
    },
    {
      "title": "Java",
      "imageSrc": "skills/java.png"
    },
    {
      "title": "SQL",
      "imageSrc": "skills/download.png"
    },
    {
      "title": "C",
      "imageSrc": "skills/c.png"
    },
    {
      "title": "C++",
      "imageSrc": "skills/c++.png"
    }
  ]
  